2103661,"Frontier Space",2008
2158720,Homesick,2008
2647865,"The Romanticists",2014
2339250,"Mobile Addicts",2009
2098305,Fourteen,2013
2406593,"Painting Day",2005
2451318,Quiet,2002
2231557,Knuckleball!,2012
2766733,"Zen Man",2006
2013006,"Der Traum vom Schweben",2004
2018004,"Dia dos Pais",2008
1817691,"30 Seconds Over Moscow",2002
2643681,"The Quality of Life",2011
1928684,"Boy Cried Wolf",2013
2632559,"The Monstrosity",2010
2189252,"Ingrid Sits Holding a Knife",2006
2126260,Gracia,2012
2191342,"Inspector Lint Eastwood and the Case of the Missing Sock",2011
1810803,.357,2013
2326773,"Memory Lane",2007
2465908,"Return to Mogadishu: Remembering Black Hawk Down",2013
1842849,Abuya,2011
2255353,"La puerta",2003
2100462,"Fredo, der Held",2006
2693550,"Trolley Boy",2009
1849280,"Ah ma yau nan",2004
2629916,"The Mask Maker",2000
2374348,"No Limits",2004
1938198,Burst,2006
2692764,Triomf,2008
1872815,Anxiety,2010
2729841,"Vuurspuwers en krachtpatsers",2003
2545406,"Stories of the Paranormal Episode 9: No Second Chances",2010
2156260,Hold,2012
1928195,Bounty,2013
2628826,"The Man of the Torch",2005
2045203,"E Pluribus Unum",2001
2377951,"Northern Lights",2011
1875537,Archie,2014
2329464,Meticulous,2012
2439732,"Primera persona",2002
2129186,"Grimms Kinder",2015
2264104,"Last Goodbye",2011
2014257,"Desassossego (Filme das Maravilhas)",2010
2646493,"The Revivals",2011
2138534,"Happy New Year",2008
2074347,Expecting,2008
1924530,"Boleiros 2 - Vencedores e Vencidos",2006
2457634,"Reach for Me",2008
2724025,Viilante,2013
1945880,"Cape and Cowl",2013
2729115,"Voyagers: The First Hawaiians",2009
2336723,"Miss Entebbe",2003
1900537,"Bearing Witness",2005
1821675,"A Bad Jones",2011
2404264,Over-Due,2007
1875633,"Arctic Break",2013
1935323,"Buck Fury: My Side of the Story",2011
2721134,Verrat,2000
1930797,"Breaking the Pipeline",2010
2390496,"Old Radicals",2010
2184482,"In Lachine, Saint Paul Placed His Locke",2004
2730583,"Wade Krause: Pinball Artist",2013
2309707,"Make It Better",2012
2698018,"TVtto fumo (e niente arrosto)",2009
1819548,"51 kHz",2003
2464550,Reset,2012
2602879,"The Fan",2011
2538390,Spyder,2009
2565620,Tarachime,2006
2386986,"Od Shana",2008
2524639,"Smoking Is Injurious to Health",2011
2183867,"In Circles",2009
2217555,Kala,2002
2580296,"The Bad Days",2013
2456841,Rave,2014
2394660,"One Last Fix",2009
2475260,"Roofies & Romance",2010
1962977,Chrysalis,2011
2138456,"Happy Hour",2002
1980883,Cow,2001
2711604,Unrenewable,2008
1983433,"Criss Cross",2001
2369910,"Nicht das Leben",2011
2124611,"Good Wolf Voice",2013
2350784,"Mundo Deserto de Almas Negras",2014
1861671,"American Junkie",2007
2463589,"Renouncing Angelica",2009
1918055,"Black Woods",2014
2743334,"Where the Devil Hides",2014
2505953,"Shadows of the Mind",2005
2364716,"Ne gazite tudje snove",2012
2717313,"Vambu Sandai",2008
1924587,"Bolivia Siglo XX",2009
2084407,Feriado,2013
2030928,"Dog Gone Love",2012
1981200,Coyoteland,2002
1961462,Choices,2012
2467579,"Ricardo Bell: El poeta de la risa",2008
2583773,"The Birdman of Tamworth",2010
2363187,"Nativity 2: Danger in the Manger!",2012
2731913,Walkaways,2007
2185314,"In So Many Words",2011
2599202,"The Drexler Principle",2011
1909174,"Beyond Truth",2011
2169409,"I Afroditi stin avli",2011
2221500,"Katas ng Saudi",2007
2598424,"The Dog Has Worms",2000
2628755,"The Man in the Seersucker Suit",2012
2649260,"The Saxophone Player",2010
2347040,"Movie Call",2011
2494438,Scrapper,2011
2763482,"Your Secret & My Heart",2004
2535128,"Spectacle: A Portrait of Stuart Sherman",2013
2640497,"The Pink Room",2011
2540057,Stand,2009
2074883,Exposure,2013
2367829,Neverthought,2003
2427232,Plastic,2012
2634960,"The New Voice of Vermouth",2006
2451833,R'ha,2015
2722358,"Viannale-Trailer 2011: The 3 Rs",2011
2577663,"The American",2011
1943367,"Cama para Frangos de Corte",2001
2530288,"Son of Darkness",2015
2580612,"The Ballad of Swish Buckles & Sally Saggingsails",2010
2138583,"Happy Tears",2013
2641075,"The Plunge",2003
2058159,"El viaje de Teo",2008
2578917,"The Art of Boxing",2012
2261419,"Lambda House Presents: Google Check",2011
2611323,"The Grey Area: Life and Death to a Suicide Sam",2011
2723241,"Video Tape Terror",2013
2687983,Tracers,2012
2158155,"Home of the Damned",2011
2328386,"Mermaid and the City",2013
2368555,"New Year Noir",2011
2347826,"Mr. Big",2007
2673439,"This Woman's World",2009
2740644,"What the Dwarf Sees",2011
1984551,"Cruel Summer",2012
2389876,"OKI - In the Middle of the Ocean",2014
2541284,"Stark Justice",2012
1902566,"Before the Night Is Gone",2012
1893147,"Bajo tierra",2009
2298255,"Love Costs",2007
1952199,"Cell Division",2006
2355666,"My Pants",2005
2738105,Well-off,2013
2439937,"Prince Loseno",2005
2469314,"Ring My Bell",2014
2285987,"Like Brothers",2013
1965698,"Citizen Marc",2013
2208766,John,2012
2385971,Obitus,2008
2230890,"Klown Games",2011
2210111,"Jonni Dingo's Eyeball",2014
2316940,"Marina, La Esposa del Pescador",2009
2637654,"The Other Side of the Tracks",2008
2215672,"K mori",2000
2352842,"Muumit Rivieralla",2014
1984297,"Crossroads: Promotional Featurette",2011
2660942,"The Translator",2000
2066391,"Equatorial Convergence",2008
2151615,"High Stroller",2009
2587780,"The Butcher and the Wolf",2008
2639304,"The People",2009
2474622,"Romans dzentelmena",2000
2075289,"Extreme Bible Stories: Don't dis Elisha!",2003
2628345,"The Making of Tomorrow",2005
2073121,"Evita capitana",2000
1812312,"12 Angry Bros",2012
2159218,Honeybear,2012
2118630,"Girls Love Horses",2012
2688876,"Train Tracks",2013
2428770,"Please Subscribe",2012
2003385,Dealer,2004
2074017,Exit,2004
2104699,"Fucking Different",2005
2139303,Hardcore,2004
2231812,"Kochira Katsushika-ku Kameari kouenmae hashutsujo the Movie: Kachidokibashi o heisa seyo!",2011
2516881,"Simmons on Vinyl",2009
2570199,"Tempi supplementari",2009
2541681,"Starting Line",2013
2348546,"Mr. Scott",2010
2690391,"Trash Becomes Treasure",2011
1845140,Ademeit,2010
2516026,"Silent Hill: Lost Innocence",2011
2453371,Rage,2012
1827958,"A Guide to Modern Health",2010
2342836,"Monsters on Main Street",2014
2045515,"Each Time I Kill",2007
2191995,"Interior. Bedroom - Night",2000
2579052,"The Art of Reality",2001
1825288,"A Desert Life",2012
2089121,"Fireplace for Your Home: Crackling Fireplace",2011
2381304,"Nuno Gomes - Adeus e Obrigado por tudo",2011
2401586,"Otra mujer sin rostro",2004
2746860,"Wie die Raben",2010
2697658,Tuvid,2012
2759329,Yellow,2005
1968343,"Closing Time",2012
1818856,"476 A.D. Chapter Two: The Dawning of the Age of Pisces",2014
1930080,"Brazil Is Not Copacabana",2012
1999439,"Day N Night Out",2010
1945146,Candy,2008
2379965,"Now & Forever",2002
2715839,"V perine",2011
2597013,"The Detective Pigeon Thing",2003
1859022,"Alvin and the Chipmunks",2007
1824857,"A Day in Black and White",2001
2118767,"Girls on Top",2010
2369932,"Nicht mein Tag",2014
2378396,"Not About Us",2011
2265265,"Laufend erben",2005
2534047,"Space Werewolf",2012
2094233,"Folly Island",2001
2722912,Victory,2009
2753399,"Working for Jesus",2006
2673249,"This Movie Is Broken",2010
2084624,"Ferry Tale",2011
2463814,Repercussions,2010
1875937,"Area K: A Political Fishing Documentary",2002
2492969,"Schneller als der Zug",2000
1821167,"90 000 B.C: A Gorilla Odyssey",2009
2747359,"Wild and Precious",2012
2573114,Text,2008
2205640,"Jessie's Back",2008
2640752,"The Plan",2007
2749427,Winner,2012
2412905,Pascha,2013
2505433,"Shades of Vengeance",2014
1933168,"Broken Circle",2006
2462303,"Relationship Card",2009
2770911,Zzzap,2003
2556903,Swallows,2000
2111131,"Gatorrada (Cat-Toast)",2012
2108400,Galadine,2012
2414730,Patrol,2010
2685744,Torn,2012
2286799,"Limpiando sapos",2008
2193323,Intransit,2000
2138199,"Happy Birthday/I'm Dead",2008
2667100,"The Whole Day Through",2007
2081944,Fathers,2012
1872106,"Antes que seja tarde",2012
2457748,"Reading Through the Pages of Time",2011
2661909,"The Tunnel",2010
2602424,"The Fairway",2011
2474873,"Romeo and Juliet: Simply Shakespeare UK",2015
2766361,Zeestan,2002
2185303,"In Silence",2010
2187139,"InAPPropriate Comedy",2013
1914347,"Biology 101",2011
2225870,"Kid Creole & The Coconuts: Live in Paris",2001
2130439,"Guarda il cielo: Stella, Sonia, Silvia",2000
2348051,"Mr. Fraud",2009
2768627,"Zoas: Burlesque",2012
1823909,"A Community Heroes Documentary, Urban Warfare: The Peaceful Warriors",2010
2373272,"Nishani Dava Angatha",2009
1990280,Dads,2011
2644637,"The Raven",2010
2538290,Sputnik,2013
2535071,"Species Felis Dominarus",2006
2079534,"Fanfare for Marching Band",2012
2332887,"Mikhail Gorbatchev, simples confidences",2012
2526412,"So You Think You Can Clean",2010
1880545,"Ask Your Parents",2012
1979092,"Cortito amor",2005
2405941,"Padre de pamilya",2009
2585442,"The Boom",2005
2203406,"Jazz Is My Religion",2006
2539939,Stalled,2013
1929766,Branquia,2013
2217694,Kalashnikov,2013
1833092,"A Perfect 14",2014
1845229,"Adi ask bu eziyetin",2010
2540823,"Star Trek: Phoenix - Holo-Victory",2009
1852154,Al-Bashara,2009
2399599,"Origins of the Universe",2010
2006159,Defiance,2002
1909255,"Bez semeyna prilika",2004
2229948,"Kisu to kizu",2004
2552213,"Sumpahan kum kum",2012
2348579,"Mr. Smith Goes to the Fed",2012
2191926,Interference,2007
2710275,Unforeseen,2011
2500432,Senjakala,2011
2566872,"Taxi Casablanca",2010
2521085,"Skolni vylet",2012
2641282,"The Politics of Conflict",2011
2412957,Pashmaloo,2011
2156508,"Hole in the Wall",2006
2292962,"Longevity Tai Chi",2010
2521056,"Skogens Konge",2012
1930243,Break,2012
1972231,Combustion,2012
2716378,"Vado permanente",2011
2085468,Fida,2004
2091105,"Flames Must Burn",2011
2261623,"Lance, Bruce: Illusionist",2009
1995791,"Das Credo",2004
2464914,Restaurant,2011
2677897,"Till Human Voices Wake Us",2002
2690793,"Travelogue01: What a Wonderful World",2010
1913156,Bilingual,2009
2543855,"Stigma Lost",2011
2543729,Sticky,2010
2295638,"Los que vienen de abajo",2008
1858769,Altered,2012
1992732,"Dancing with You",2005
1968384,"Closure of Catharsis",2011
2216508,Kafeneion.gr,2007
2698441,"Twilight of the Yakuza",2013
2552572,"Sunday Morning",2012
2012116,"Der Ring: Next Generation",2013
2108934,"Game Changer",2013
2128295,Green,2013
2738508,"Wenn zwei sich streiten",2004
2596597,"The Deliverer",2011
2612133,"The Hand That Binds",2011
2345397,"Moss Origins",2011
2353198,"My Aura's Echo",2013
2575997,"The Absence of Logic",2010
2141288,"Haunted Lighthouse",2003
2661243,"The Trial of the King Killers",2005
2491648,Scared,2002
2438544,"Pressing the Public Opinion",2004
1906347,"Bernadette: Notes on a Political Journey",2011
2318245,"Martha's Sequence",2008
1892435,"Baghdad Barber",2008
2341586,"Mondo Collecto",2006
1941151,C.I.E.E.,2006
2631852,"The Misadventures of Chris Landy",2010
2284223,"Life After Life: The Ernest Morgan Story",2011
2074180,Exodia,2004
2179626,"Il Niente",2011
2184210,"In Football We Trust",2014
2351123,"Murder Baby",2010
2595878,"The Dead 2: India",2013
1976675,Contagious,2007
1813510,"18q: A Different Kind of Normal",2011
2508790,"Sheen of Gold",2013
1924827,"Bomb It 2",2010
2616458,"The Incredibles",2004
2335934,Mirror,2005
1871449,AnOther,2007
2635906,"The Nullarbor Nymph",2012
2516300,Silenzio,2005
2545261,Storage,2009
1987252,Curdled,2013
2657187,"The Summer of Massacre",2011
2390129,"Olaf et Korpatas: Cansone",2003
2379067,"Nothin's Plenty",2005
2734377,Wasteland,2014
2612593,"The Hatch",2011
2621863,"The Last Session",2012
2267752,"Le Concours",2014
2442616,"Programme libre",2012
2323924,"Media Morphs: Conspiracy",2010
2535224,Speechless,2013
2583188,"The Big Game",2013
2029707,"Do Not Enter",2013
2209184,"John Wick",2014
2267025,"Le carnet rouge",2004
2638713,"The Passing",2011
2427026,"Planet of the Pitts",2004
2437352,Predetermined,2014
2288277,"Little Buddy",2014
1950044,"Castles in the Sky",2014
2134366,"Hafu: The Mixed-Race Experience in Japan",2013
2517629,"Since You've Been Ong",2007
2629409,"The Manly Man",2010
2509649,"Sheva dakot be gan eden",2008
2425792,Piretos,2009
2198673,"Iw'a wishshak",2004
2075603,Eye,2013
2511271,Shiva,2008
2534235,Spandan,2012
2070015,"Et carreteras",2010
1883557,Atrapado,2012
2390256,"Old Factory Fatigue",2012
2362730,"Natalie Nunn: Forever Alone",2012
2390995,"Oliver's Mind",2010
2076569,"Face D",2013
2348135,"Mr. Hollywood Star",2002
1966952,Classified,2008
2150311,"Hey Vendor!",2010
2707664,"Uncle Melvin's Apartment",2013
2761130,"Yong jiu ju liu",2009
1878324,Articulate!,2009
1996823,"Das Leben ist ein langer Tag",2007
2246742,"La clase de las hormigas",2002
2725056,"Violet & Daisy",2011
2201482,Jaloux,2010
1980748,Cover,2013
2490135,Saulabi,2002
2637150,"The Orchard",2012
1908544,Beyond,2007
2261434,"Lambing Season",2012
2641202,"The Poker Club",2008
2656265,"The Story of What Happened When Rudy Came Home Early from Work and Caught Jack in a Compromising Position",2007
2337882,"Mister K",2006
2452503,"Racer Legend",2011
1813351,"18 segundos",2008
2639688,"The Perfumed Road",2004
2753153,Wordland,2008
2618246,"The Jogger",2013
2199317,"J.E.D.N.: Pensando en soledad",2006
2330939,Micha,2013
2241513,L'enfer,2005
2037988,"Dragged In",2013
2034764,Dorcol-Menhetn,2000
2435594,"Pour Jeanne",2008
2618341,"The Jonathen Morelli Story",2013
2447977,"Pyaar Impossible!",2010
2636332,"The Old 1-2 Punch",2006
2266610,"Le bifteck",2001
2356382,"My War, My Story",2007
2370608,Niggaz,2012
2065733,"Entropic Apogee",2013
2379462,"Notte prima degli esami - Oggi",2007
2202377,"Janie & Jerome: The Last Note",2005
2028047,"Disneyland: The First 50 Magical Years",2005
2487086,Sandwich,2011
2104797,"Fuego en el Alma",2005
2630631,"The Memoirs of Dr. Booth",2006
2477878,"RPS Fighter",2013
2385836,Obcy,2012
1890870,Backdrop,2007
2681063,"To massage",2013
2147634,"Her Heart Is Washed in Water and Then Weighed",2006
1862638,Amok,2007
2402104,"Our Friend Junaid",2013
1840503,"Aain Kanoon",2011
1958468,"Chhevan Dariya (The Sixth River)",2010
2063615,"Encyclopaedia Britannica",2009
2096576,"Forever Hold Your Piece",2015
2146586,"Helpless Angel",2012
2246785,"La cloison",2008
1994170,"Dao Lu",2012
2461058,Reflection,2010
1975367,"Coney Island Saved Me!",2008
1847649,"After Sideways, a Repairman Discussion",2008
2737628,"Welcome Home",2012
2173251,"I Thought: I Am Adam... Or a Long Road to Gogezha",2013
2264733,"Latchkey Kid",2011
2194613,"Irene's Last Call",2003
1827529,"A Girl's Best Friend",2013
2369681,"Nice 2 Meet U",2014
2453995,"Rainbow Monkeys",2011
2464166,"Republik Twitter",2012
2347307,"Moving On",2012
2582718,"The Best Sex",2009
1928884,Boychick,2001
2059746,Elise,2005
2193940,Invisible,2013
1817189,"3 Doors of Horrors",2013
2176580,"If I Could",2001
2525185,Snapshot,2010
2593085,"The Cottage",2011
1905411,"Beneath the Mask: The Making of Superhero",2011
2769957,Zubeidaa,2001
2044023,Dylan,2007
2744720,"White Rose",2010
2142862,"Head in the Clouds",2004
2445570,"Pull Over",2012
1862802,"Amor Breve",2007
2144923,Heidi,2005
2161197,Hose,2008
1898295,"Bass on the Road 2",2014
2091848,Fleurette,2002
2354100,"My Father, Rua Alguem 5555",2003
2204141,Jeans,2001
1972608,"Come to Us",2007
2553485,"Super Canola",2012
2328301,Meridian,2011
2103575,Frontalwatte,2011
2714379,"Urban Nocturne",2008
1975599,"Confessions of a Self-Hating Jew",2012
2272523,"Le stade de Wimbledon",2001
2078364,"Falling Inside Out",2014
1818314,4,2011
2163480,"House Woman",2009
2179556,"Il mutilato",2009
1975731,Confidentiel,2013
2073975,Exist,2011
2349987,Muirhouse,2012
2573520,"Thank You, Cabbage",2013
1816734,25Gs,2008
2688290,Tradition,2006
2117764,"Girl Disappears",2008
1892834,"Bailar para vivir",2003
1861423,"American Dumpling",2009
2442356,"Professional Minds",2014
2572692,"Testees Talking",2010
2137372,"Hannah and the Moon",2013
2429725,Pocus,2011
2344432,Morente,2011
2045403,"E.I.R.E. 2007",2007
2091804,Fleshlight,2012
2268622,"Le faim",2011
2051795,"El almanaque",2012
1876213,"Aria Diva",2007
2687957,Trace,2006
2585970,"The Boy in the Garage",2008
1998157,"Das Zimmer",2009
1873387,Apartman,2004
2093416,Flyers,2011
2328765,"Message in a Bottle",2010
2433177,"Por Ti, Assim",2010
2445610,"Pulling Strings",2006
2749877,"Winter's Warmth",2007
2457628,Reach,2009
2403645,Outline,2013
2565590,Tara,2002
2522252,"Sleep Vessel",2013
2106660,"Future Justice",2014
2396417,"Only Meal of the Day",2010
2195987,"Island Time",2015
2684741,"Too Tired to Sleep",2013
2518483,Sins,2011
2254443,"La perra del diablo",2005
2669232,"The Worst Year of My Life",2013
2203727,"Je T'aime, I Love You Terminal",2010
2695500,"Tsuki ni shizumu",2002
2508425,"She'll Only Blink Twice",2013
2098262,"Four Years, Two Wigs, One Fridge: The Pete Blaggit Story",2011
2423467,"Pieces of Peace",2010
2578309,"The Answer Yes",2006
2094304,"Foni Aigaiou",2004
2558330,"Swimming to the Moon",2007
2486833,"Sand Castle",2011
2054612,"El Hokm",2009
2093726,"Focal Point",2009
2145160,"Heinrich Kieber - Datendieb",2010
2182735,Immortali,2006
2591172,"The Clone and the Tree of Life",2011
2260890,"Lahu Funnyman",2006
1905977,Berega,2012
2581486,"The Beacon",2009
2299366,"Love Sick Love",2012
2108966,"Game Night",2012
2522720,"Slide Away",2009
2479424,"Running Alone",2014
2226236,Kidschool,2001
2714940,UseD,2009
2216139,"Kabuslar evi - Son dans",2006
1926866,Borf!,2008
2343462,"Moon Rider",2012
2615937,"The Icemen: Angadias of India",2009
2490834,"Savings Missed",2012
2110661,"Garoto Coisa",2012
1869253,"Angels in Paradise",2011
2506232,"Shake Rattle and Roll Fourteen: The Invasion",2012
2487909,"Santa Cruz del Islote",2013
2210878,"Journal de France",2012
2366862,"Nero Notte",2013
1899085,"Battle Nun: Key to Heaven",2009
2423931,"Pigeon Man",2009
2725061,Violet,2000
2010229,"Der Generalmanager oder How to Sell a Tit Wonder",2006
2189366,"Inidhu Inidhu",2010
2027309,Disallowance,2012
2120674,"Glory Road",2006
2015051,Desobediencia,2005
2582079,"The Bellybutton",2011
2065053,Enso,2009
2769099,"Zombie Hunters: City of the Dead, Episode 6",2009
2518166,"Single Shot",2011
2418156,Pepper,2010
2727329,"Voci nel buio",2013
2567352,"Te Vas a Agobiar",2001
1833334,"A Pig of a Night",2009
1855999,"All Quiet on the Gulf Coast",2008
2041465,"Du hast gesagt, dass Du mich liebst",2006
2422328,Photographia,2009
2309861,"Make Your Paths Straight",2011
2193222,"Into the Void",2014
2715347,Utopia,2005
2543945,"Still Alive",2010
2594991,"The Dancer and the Weaver",2012
2699340,"Two Guys",2007
2261902,Landing,2010
2364778,"Ne pas s'avouer vaincu",2012
2330219,"Mi cybernovia",2000
1987286,Curfew,2012
1855375,"All Flowers in Time",2010
2523637,"Small Avalanches",2006
2586339,"The Braverman Account",2010
2291471,"Locked In",2005
2744091,Whistle,2002
2308308,"Magyarfutball, a 91. perc",2006
2534792,"Speak Out on Hate Crime",2013
2668285,"The woman from the planet with no name",2010
1993317,Daniel,2013
1948885,"Cartoon College",2012
2079434,Fanatic,2005
2056472,"El Poema El Cuadro El Disco",2010
1826553,"A Fine Line",2011
2332757,"Mike Bochoff: Everything Burns",2009
1882577,"At the Edge of the Bed",2003
2341536,"Monday the Milestone: Wake Me",2010
1850731,"Ajatuksia kuolevaisuudesta",2013
2756211,Xenobites,2008
2631404,"The Mill",2011
2276166,"Leonie Ossowski",2013
2599157,"The Dreamers",2003
2204293,Jedrek,2013
2554025,Super/Heroes,2011
2296635,"Lost in Prospect Park",2013
2538226,Spun,2013
2474230,"Roma - un ritratto improvvisario",2000
2752748,"Wonderful World of Drones with Christopher McDonald",2012
2513088,Shrapnel,2011
2084126,Fencer,2013
1955891,Charlotte,2010
1915476,"Bite! The Musical",2013
2565768,"Target Practice",2001
2117093,"Gimme the Power",2012
2545189,"Stop, Record",2005
1959041,"Chicken Kiev",2000
2520801,"Skin. Like. Sun.",2009
2660490,"The Tower of Immortality",2011
2460791,"Redneck Roots",2011
2148368,"Here Be Dragons",2013
2594464,"The Cure",2007
2311449,"Maling kutang",2009
1969968,"Code of the West",2012
2751367,"Wo ai ni mommy",2010
2541197,Starfish,2004
2461620,Regina,2013
2386933,"Oculto en la oscuridad",2007
1839422,"A Wish Where the Wind Once Blew",2011
2613359,"The Hepatitis C Epidemic: A 15-Year Government Cover-up",2002
2603424,"The Female Law Firm",2012
2108046,Gaia,2011
2694619,"True Storys of the Ghost House 2 the Movie",2011
2124178,"Good Friends Are Hard to Find",2011
2075778,"Eye Smack",2008
2178937,"Il gioco del giorno",2011
2628239,"The Making of Lonely Hearts",2007
1939036,"But I'm a Genderqueer",2011
1848688,"Agente Sicre, el amigo americano",2014
2215719,"K-9Lives: Episode1",2009
2425090,"Pink River",2009
2013757,"Derek Mahon: The Poetry Nonsense",2009
2774359,Coffee,2013
2425298,"Pins and Needles",2008
2365751,Neighbors,2008
2505144,"Shaam-e aroosi",2006
2070446,"Ethical Fashion",2013
2162639,"Hotel Palomar",2008
2704059,"Un cadaver revoltoso",2005
1941573,"Cachorro Louco",2003
2657200,"The Summit",2012
2680738,"To Haunt You",2011
2370835,"Night Flowers",2012
2092300,"Flipping Channels",2010
1969845,Coda,2012
2585823,"The Box",2011
2090425,"Fit to Print",2014
2657945,"The Take Back",2012
1944463,"Can't Drag Race with Jesus",2000
2670564,"Then and Now: Creative Knowledge, Economy and Skills Training",2010
2536616,Spirits,2013
2174438,"I'm Not Here: And She's Not There",2010
2596344,"The Decapitated Chicken",2012
1939411,"Butterfly Dust",2013
2056695,"El purgatorio de Dante",2010
2098474,Foxy,2009
1896099,Barbarian,2013
2010727,"Der Italiener",2011
1882436,"At My Doorstep",2009
2233301,"Kong que",2005
1936032,"Bug Saw",2011
2418989,Perfekt,2008
2108960,"Game Night",2009
2028237,"Dissection of a Storm",2011
2509357,"Sheoeyin Kenna",2010
2696558,"Tumsie briezi",2006
2674971,Threefold,2007
2090801,Fix,2012
2205962,"Jettison Your Loved Ones",2005
2293921,"Loose Ends",2008
2424395,"Pillow Talk",2010
1963417,"Chung on chi ma gun",2004
1823379,"A Child's Play Story: Chucky's Revenge",2006
2129753,"Growing Pain",2013
2633399,"The Muses",2013
2197514,"It's F*ckin' Late with Larisa Oleynik",2012
2581382,"The Battle Within",2013
2645279,"The Red Boot Diaries",2001
2562630,"Take Me Home Tonight",2011
2288912,"Little Pieces",2000
2424918,Pink,2009
2439119,"Price Iz Groba",2011
2478253,Ruckus!,2005
2679571,Tissit,2010
2377280,"Nora Hammond and the Magical Toothbrush",2010
2654874,"The Spirithunter",2004
1903582,"Behind Your Back",2013
2435596,"Pour l'amour de Clara",2014
1961115,"Chloe and Keith's Wedding",2009
2354520,"My Girlfriend's Boyfriend",2010
2104646,"Fucked in the Face",2000
2522868,"Slinging Mud",2009
2651682,"The Sherlapoolza Sketch",2012
1991450,"Dam el ghazal",2005
2551967,"Summer of the Flying Saucer",2008
2490679,"Saving David",2013
2386330,"Obsession Vol. 2",2010
2012550,"Der Sohn",2002
2166837,"Humne Jeena Seekh Liya",2007
1876598,"Arm geboren",2009
2323938,Medianeras,2011
2321746,"Max Stalling: Live at the Granada",2009
2471367,"Roadside Assistance",2001
2531178,"Sono gli uomini che rendono le terre vive e care",2010
2543053,"Step One Breathe",2011
2489215,Saskin,2006
2736763,"WebCam Boys",2001
2409347,"Paper Balls",2005
2615545,"The Hunger GameRs",2012
1836533,"A Story from Bhutan: The Making of 'Travellers & Magicians'",2004
2415959,"Peace for the Wicked",2011
2574242,"That's the Way Life Is",2003
2264217,"Last Midnight",2013
2103512,"From Within",2008
2222520,"Kayrat-chempion. Devstvennik 1",2009
2142624,"He Toki Huna: New Zealand in Afghanistan",2013
2616327,"The Inbox",2010
2484487,"Saldani's Enigma",2013
1981251,"Crab Boy",2000
1990937,"Daisy Green",2013
2007100,Delivrance,2008
2561268,"Taboo Yardies Documentary Feature",2011
2461323,"Refresh, Remix, Restyle",2008
2761562,"You Asked for It",2010
2583922,"The Birthday Speech",2013
1818334,"4 balgarak",2002
2770057,"Zui hou tong die",2001
2165355,"Hra na vraha",2001
2719661,"Velociraptor Man",2008
2082210,Faust,2008
1883815,"Attack of the Yeti Hand",2009
2156823,"Hollow Souls",2010
2446832,"Purple Heart's Final Beat",2009
1960564,"Chinatown Brawl",2009
2749840,"Winter Sun",2002
1827814,"A Grain of Sand",2009
2174102,"I'll See You Again",2014
2595953,"The Dead of the Dead",2008
2374620,"No More Aloha",2013
2269544,"Le juge et l'affaire des dioxines",2009
2261712,"Land of Destiny",2010
2026093,"Dinner with the President: A Nation's Journey",2007
2112604,Gemini,2008
2087900,"Finding Beauty in the Beast",2010
2621270,"The Last House on Cemetery Lane",2014
2522237,"Sleep Paralysis",2013
2040245,"Drive-By Chronicles: Sidewayz",2009
1823512,"A Christmas Miracle",2009
2188866,Infidel,2006
2379187,"Nothing Is Fun Anymore",2014
1874023,Appaloosa,2008
2767851,Ziegenort,2013
2522285,Sleeper,2010
1907773,Bettina,2007
2056023,"El ojo del equilibrio",2004
2173557,"I Want My Three Minutes Back",2008
2096380,Foreignness,2012
2129581,"Ground Up: The Claus",2013
2159950,"Hookers. A Documentary",2008
2056433,"El planeta",2001
2622030,"The Last Tape",2013
2638371,"The Paper Boy",2011
2449722,"Quando a Chuva chegar",2010
2668365,"The Woman of Ahhs",2008
1950834,Catrina,2011
2516231,"Silent Thunder",2006
2073174,Evol,2006
2658808,"The Tent",2013
2648426,"The Rumseian Experiment",2006
2581608,"The Beast Within",2016
2277318,"Les dents de la nuit",2008
1945711,"Cantonese Style!",2013
2351306,"Murder on Frog Pond Drive",2013
2668072,"The Witness",2014
2064482,"Engjejt jane larg",2014
2219035,"Kang ding qing ge",2010
2484519,"Salento terra di popoli",2009
2458168,"Real Vampires",2007
2311045,Malayali,2009
2425331,"Pinto con lata",2011
2029093,"Dixon Road",2013
2188853,Infernos,2006
1857990,Alone,2005
2185324,"In Soweto",2009
2255638,"La recherche",2009
2466737,"Revision - Apocalypse II",2010
1852667,"Alas sobre el Polo",2006
1935453,"Bucolic Terror",2009
2459438,Recycle,2009
2242712,"L'inferno secondo noi",2005
2061061,Embroidery,2005
2430928,Polaroid,2013
2602751,"The Family Business",2012
1891471,"Bad Day",2010
1908702,"Beyond Gramacho",2011
2514465,Siblings,2004
2670696,"Theory of Color",2012
2062270,"En Drink med Dracula",2010
2413828,Passport,2000
2477159,"Round and Round",2009
2563660,Talfahrt,2012
1821568,"A alegria",2010
2052935,"El clan",2013
2661904,"The Tunnel",2009
2632859,"The Most Beautiful Day",2014
2085029,Fetiche,2011
2434222,"Portraits in Motion: Sketches of Soulsville",2013
2163393,"House of White Spiders",2010
2770322,"Zurcidos Invisibles",2012
2081083,"Fast Forward",2011
2044353,"Dziewczyna z szafy",2013
1916346,"Black Belt World 2004",2005
1967632,"Clicking Wars",2012
2435959,"Poveste de cartier",2008
2624177,"The Litterbug",2007
2289744,"Live or Die in Entebbe",2012
2090383,"Fists of Rage",2006
2409500,"Paper Turtle",2010
1958670,Chiaroscuro,2009
2577626,"The Ambassador",2013
1878179,Artflick.001,2004
2064713,Enkel,2012
2716731,Valdivino,2012
2392773,"On the Line",2008
1894488,"Bambi Bone",2004
1930273,"Break Glass in Case Of...",2013
2707885,"Uncounted Casualties",2008
2752942,Woodhouse,2013
2033198,"Don't Hold Back",2005
2136589,Hanan,2004
2496263,"Searching for Stars",2012
1956276,"Chasing Liberty",2004
2352202,Musickland,2013
2678913,"Timmy's Wish",2013
2518855,Sirenas,2007
2134853,"Haiti: Triumph, Sorrow, and the Struggle of a People",2010
2141511,Havanaloop,2012
2008416,Denial,2013
1980282,"Coup de foudre",2002
2038559,"Drawing Lilly",2009
2125300,"Goretech: Bienvenidos al planeta hijo de puta",2012
2759067,"Year 4",2010
2471009,"Road Less Traveled",2010
2354394,"My Friend Soweto",2001
2751218,"Witold Giersz - Sztuka Animacji",2012
2536460,Spirit,2013
2038282,Drain,2013
2673731,Thor,2011
2014908,"Designing the New World: Turning Crisis Into Potential",2009
2028555,Diva,2012
2311523,"Mallard 4D",2013
2252458,"La mesa",2012
1821275,"94 Years & Running",2013
2470108,"Rising Tides",2014
2096182,"Forced Donation",2013
2494543,"Scream (Fan Film)",2011
2478462,"Ruf Gottes",2012
2298889,"Love Letter",2005
2342547,Monster,2005
2302916,Lusong,2011
2178701,"Il faut qu'on parle...",2011
2587394,"The Bulletproof Stockings",2013
2141674,Haven,2013
1954676,"Change Your Life",2013
2382210,"Nzoku ya pembe",2011
2292246,"London River",2009
2235498,"Kristo Re",2009
2311172,"Maldoror: A Pact with Prostitution",2004
2645696,"The Regular",2012
1963513,"Church Ball",2006
2393939,One,2014
2661965,"The Turn of the Screw",2003
2306931,Madina,2010
2592523,"The Consolation of Children",2008
2581586,"The Beast Next Door",2013
2377216,Noora,2003
2173982,"I'll Be Around",2009
2569979,"Telma demain",2005
2641509,"The Portrait",2011
2523722,"Small Matters",2011
2600690,"The End of a Man on the Edge of an Abyss",2010
2555951,Suspension,2002
1844528,Ada,2011
2735552,Wazki,2007
2265952,"Lawas kan pinabli",2011
2443789,"Protest in Paris",2012
2018799,"Diary of Dreams: July 9, 2010",2012
1825321,"A Detective Story",2010
2329264,Metamorphosis,2009
2417475,"Peninsula Valdes",2011
1974014,"Como perros de la calle",2002
2564845,Tanguedia,2004
2069811,"Estoy prohibido",2008
2145760,"Hell Is Other People: If It Stinks, We Can Kill It",2014
1973993,"Como mariposas en la luz",2005
2722060,Via,2010
2666333,"The Webster Children",2012
2143138,Headshot,2011
2195965,"Island of the Great White Shark",2008
2726499,Vitolfilia,2002
2227964,Kindle,2007
2272669,"Le temps d'une photo",2006
2235440,Krisis,2012
2542592,"Steamin' + Dreamin' 2: Cash Back",2011
2186029,"In the Land of Opportunity",2009
2158571,"Homeless to Homeowner",2007
1823692,"A Clear Intention",2012
2462441,Released,2008
2736309,"We the Tiny House People",2012
2214861,"Just Us",2007
1981256,"Crab Ladies",2012
2689465,Transferants,2008
1862814,"Amor circular",2011
2665915,"The Watering",2011
2623060,"The Legion of Supervillains the Official Music Video",2013
2340903,Momentum,2011
2555655,"Survivor Stories",2001
1940189,"Bye Bye, Love",2011
1926128,Bookstore,2012
2134976,"Haken Kuroitsu no Tsubasa",2004
2395166,"One Night Stand Up",2004
1987697,Curvature,2010
2072514,"Everyone Loves Lenny",2009
1849533,Ahshi,2013
1956713,Chavez,2006
2505675,"Shadow Play: Indonesia's Year of Living Dangerously",2003
2330061,"Mga pusang gala",2005
2075601,Eyam,2012
1934261,"Brown Widow",2012
2091091,"Flamenco Uno Redux",2012
2633085,"The Mountain Within",2009
2117066,Gimme,2011
2470997,"Road Kill",2004
2511796,Shoonya,2006
2128501,"Green Thumb",2013
2584583,"The Bliss",2006
2158388,HomeBrew,2013
2148784,"Herman and Marjorie",2010
1971512,Color,2007
1991701,"Damien 1 4 6 9",2013
2643504,"The Pure Party",2009
1823155,"A Chamada",2011
2284823,"Life on Earth",2009
2386680,"Ocean Park",2002
2409954,Parachute,2008
2515988,"Silent Exposure",2013
2516125,"Silent Nights",2009
1939821,"By a Strand",2011
2724862,Vinyan,2008
1885675,"Austony: A Cockumentary",2013
2309335,Majajan,2006
2603984,"The Film-Maker",2002
2175238,"Ice Ice Baby",2013
1999249,"Dawn ON the Dead",2012
2436756,Pranam,2003
2530725,"Song One",2014
2377055,"None Shall Sleep",2011
2597057,"The Device",2012
2271013,"Le pied",2003
1895475,Bank,2012
2379158,"Nothing for Mahala",2013
2606576,"The Fundamental Guide to Kicking Ass",2012
2395551,"One Son",2009
2516859,Simhall,2014
2434174,"Portrait of the Artist at 16",2004
2255839,"La Reunion",2006
2197688,"It's My Role!",2012
2637345,"The Orphanage",2012
2176311,"Idiots and Angels",2008
2125189,"Goraay Gandogol",2012
2650418,"The Secret of Sound",2015
1869004,Angela,2008
1992206,"Dance Machine",2002
2614627,"The Hop Off",2011
2698398,Twilight,2009
2167346,Hunted,2009
2485708,"Same Ghost Every Night",2013
2336263,Misconception,2007
2010861,"Der Katalog",2013
2201861,"Jamie and Jessie Are Not Together",2011
2296574,"Lost in Cannes",2005
2617159,"The Interview",2008
1966521,Clara,2010
2763329,"Your Favorite Actor",2010
2688834,"Train Ride",2000
